0_Name_of_Disease,1_Disease_URL,2_Image_of_Disease_URL
Acne affecting the back images,https://dermnetnz.org/topics/acne-affecting-the-back-images,https://dermnetnz.org/assets/manualthumbnails/acne/acne-back/preview/141__FocusFillWzE1MCwxMTAsInkiLDFd.jpg
Acne affecting the face images,https://dermnetnz.org/topics/acne-face-images,https://dermnetnz.org/assets/Uploads/Screen-Shot-2018-01-25-at-8__FocusFillWzE1MCwxMTAsIngiLDFd.28.37-PM.png
Acne and other follicular disorder images,https://dermnetnz.org/image-catalogue/acne-and-other-follicular-disorder-images,https://dermnetnz.org/assets/Uploads/ocular-rosacea-s__FocusFillWzE1MCwxMTAsInkiLDFd.jpg
Acquired dermal macular hyperpigmentation images,https://dermnetnz.org/topics/acquired-dermal-macular-hyperpigmentation-images,https://dermnetnz.org/assets/Uploads/scaly/lp-pigmentosus1__FocusFillWzE1MCwxMTAsInkiLDFd.jpg
Acral lentiginous melanoma images,https://dermnetnz.org/topics/acral-lentiginous-melanoma-images,https://dermnetnz.org/assets/Uploads/20160516-165503__FocusFillWzE1MCwxMTAsInkiLDFd.JPG
Actinic keratosis affecting the face images,https://dermnetnz.org/topics/actinic-keratosis-face-images,https://dermnetnz.org/assets/Uploads/248__FocusFillWzE1MCwxMTAsInkiLDFd.jpg
Actinic keratosis affecting the hand images,https://dermnetnz.org/topics/actinic-keratosis-affecting-the-hand-images,https://dermnetnz.org/assets/Uploads/393__FocusFillWzE1MCwxMTAsInkiLDFd.jpg
Actinic keratosis affecting the legs and feet images,https://dermnetnz.org/topics/actinic-keratosis-leg-and-foot-images,https://dermnetnz.org/assets/Uploads/478__FocusFillWzE1MCwxMTAsInkiLDFd.jpg
Actinic keratosis affecting the scalp images,https://dermnetnz.org/topics/actinic-keratosis-scalp-images,https://dermnetnz.org/assets/Uploads/418__FocusFillWzE1MCwxMTAsInkiLDFd.jpg
Actinic keratosis dermoscopy images,https://dermnetnz.org/topics/actinic-keratosis-dermoscopy-images,https://dermnetnz.org/assets/Uploads/lesions/ak-face/actinic-keratosis-dermoscopy9__FocusFillWzE1MCwxMTAsInkiLDFd.jpg
Actinic keratosis on the nose images,https://dermnetnz.org/topics/actinic-keratosis-on-the-nose-images,https://dermnetnz.org/assets/Uploads/sks-nose3-s__FocusFillWzE1MCwxMTAsInkiLDFd.jpg
Actinic keratosis treated with imiquimod images,https://dermnetnz.org/topics/actinic-keratosis-imiquimod-images,https://dermnetnz.org/assets/Uploads/3723__FocusFillWzE1MCwxMTAsInkiLDFd.jpg
Adalimumab images,https://dermnetnz.org/topics/adalimumab-images,https://dermnetnz.org/assets/Uploads/adalimumab3-s__FocusFillWzE1MCwxMTAsInkiLDFd.jpg
Alopecia areata images,https://dermnetnz.org/images/alopecia-areata-images,https://dermnetnz.org/assets/Uploads/1323__FocusFillWzE1MCwxMTAsInkiLDIzXQ.jpg
Amelanotic melanoma images,https://dermnetnz.org/topics/amelanotic-melanoma-images,https://dermnetnz.org/assets/Uploads/12a-amelanotic-melanoma__FocusFillWzE1MCwxMTAsInkiLDFd.jpg
Anal cancer images,https://dermnetnz.org/topics/anal-cancer-images,https://dermnetnz.org/assets/Uploads/ain-1-s-1__FocusFillWzE1MCwxMTAsInkiLDEzXQ.jpg
Angiofibromas images,https://dermnetnz.org/topics/angiofibromas-images,https://dermnetnz.org/assets/Uploads/angiofibromas-19-s__FocusFillWzE1MCwxMTAsInkiLDFd.jpg
Angiokeratomas images,https://dermnetnz.org/topics/angiokeratoma-images,https://dermnetnz.org/assets/Uploads/angiokeratoma-2__FocusFillWzE1MCwxMTAsInkiLDFd.JPG
Angular cheilitis images,https://dermnetnz.org/topics/angular-cheilitis-images,https://dermnetnz.org/assets/Uploads/perleche13-s__FocusFillWzE1MCwxMTAsInkiLDFd.jpg
Arthropod bites images,https://dermnetnz.org/image-catalogue/insect-mite-and-worm-bite-images,https://dermnetnz.org/assets/Uploads/leishmaniasis2__FocusFillWzE1MCwxMTAsInkiLDFd.jpg
Atopic dermatitis images,https://dermnetnz.org/topics/atopic-dermatitis-images,https://dermnetnz.org/assets/Uploads/atopic26-s__FocusFillWzE1MCwxMTAsInkiLDFd.jpg
Atopic eczema images,https://dermnetnz.org/topics/atopic-dermatitis-images,https://dermnetnz.org/assets/Uploads/atopic26-s__FocusFillWzE1MCwxMTAsInkiLDFd.jpg
Atopic flexural eczema images,https://dermnetnz.org/topics/atopic-flexural-eczema-images,https://dermnetnz.org/assets/Uploads/flexural-eczema10-s__FocusFillWzE1MCwxMTAsInkiLDBd.jpg
Atypical melanocytic naevus,https://dermnetnz.org/topics/atypical-naevus-images,https://dermnetnz.org/assets/Uploads/604__FocusFillWzE1MCwxMTAsInkiLDFd.jpg
Atypical mycobacterial infection images,https://dermnetnz.org/topics/atypical-mycobacterial-infection-images,https://dermnetnz.org/assets/Uploads/m-marinum-2-s__FocusFillWzE1MCwxMTAsInkiLDFd.jpg
Atypical naevus images,https://dermnetnz.org/topics/atypical-naevus-images,https://dermnetnz.org/assets/Uploads/604__FocusFillWzE1MCwxMTAsInkiLDFd.jpg
Autoimmune alopecia images,https://dermnetnz.org/images/alopecia-areata-images,https://dermnetnz.org/assets/Uploads/1323__FocusFillWzE1MCwxMTAsInkiLDIzXQ.jpg
B-K mole images,https://dermnetnz.org/topics/atypical-naevus-images,https://dermnetnz.org/assets/Uploads/604__FocusFillWzE1MCwxMTAsInkiLDFd.jpg
BCC affecting the ear images,https://dermnetnz.org/topics/basal-cell-carcinoma-affecting-the-ear-images,https://dermnetnz.org/assets/Uploads/0692__FocusFillWzE1MCwxMTAsInkiLDFd.jpg
BCC affecting the eyelid images,https://dermnetnz.org/topics/basal-cell-carcinoma-affecting-the-eyelid-images,https://dermnetnz.org/assets/Uploads/0633__FocusFillWzE1MCwxMTAsInkiLDIwXQ.jpg
BCC affecting the face images,https://dermnetnz.org/topics/basal-cell-carcinoma-affecting-the-face-images,https://dermnetnz.org/assets/Uploads/0616__FocusFillWzE1MCwxMTAsInkiLDIwXQ.jpg
BCC affecting the nose images,https://dermnetnz.org/topics/basal-cell-carcinoma-affecting-the-nose-images,https://dermnetnz.org/assets/Uploads/0629__FocusFillWzE1MCwxMTAsInkiLDIwXQ.jpg
BCC affecting the trunk images,https://dermnetnz.org/topics/basal-cell-carcinoma-affecting-the-trunk-images,https://dermnetnz.org/assets/Uploads/0653__FocusFillWzE1MCwxMTAsInkiLDFd.jpg
Bacteria images,https://dermnetnz.org/image-catalogue/bacterial-skin-infection-images,https://dermnetnz.org/assets/Uploads/syph6-s-2__FocusFillWzE1MCwxMTAsInkiLDFd.jpg
Bacterial skin infection images,https://dermnetnz.org/image-catalogue/bacterial-skin-infection-images,https://dermnetnz.org/assets/Uploads/syph6-s-2__FocusFillWzE1MCwxMTAsInkiLDFd.jpg
Balanitis images,https://dermnetnz.org/topics/balanitis-images,https://dermnetnz.org/assets/Uploads/balanitis4-s-1__FocusFillWzE1MCwxMTAsInkiLDIzXQ.jpg
Basal cell carcinoma affecting the ear images,https://dermnetnz.org/topics/basal-cell-carcinoma-affecting-the-ear-images,https://dermnetnz.org/assets/Uploads/0692__FocusFillWzE1MCwxMTAsInkiLDFd.jpg
Basal cell carcinoma affecting the eyelid images,https://dermnetnz.org/topics/basal-cell-carcinoma-affecting-the-eyelid-images,https://dermnetnz.org/assets/Uploads/0633__FocusFillWzE1MCwxMTAsInkiLDIwXQ.jpg
Basal cell carcinoma affecting the face images,https://dermnetnz.org/topics/basal-cell-carcinoma-affecting-the-face-images,https://dermnetnz.org/assets/Uploads/0616__FocusFillWzE1MCwxMTAsInkiLDIwXQ.jpg
Basal cell carcinoma affecting the nose images,https://dermnetnz.org/topics/basal-cell-carcinoma-affecting-the-nose-images,https://dermnetnz.org/assets/Uploads/0629__FocusFillWzE1MCwxMTAsInkiLDIwXQ.jpg
Basal cell carcinoma affecting the trunk images,https://dermnetnz.org/topics/basal-cell-carcinoma-affecting-the-trunk-images,https://dermnetnz.org/assets/Uploads/0653__FocusFillWzE1MCwxMTAsInkiLDFd.jpg
Basal cell epithelioma affecting the ear images,https://dermnetnz.org/topics/basal-cell-carcinoma-affecting-the-ear-images,https://dermnetnz.org/assets/Uploads/0692__FocusFillWzE1MCwxMTAsInkiLDFd.jpg
Basal cell epithelioma affecting the eyelid images,https://dermnetnz.org/topics/basal-cell-carcinoma-affecting-the-eyelid-images,https://dermnetnz.org/assets/Uploads/0633__FocusFillWzE1MCwxMTAsInkiLDIwXQ.jpg
Basal cell epithelioma affecting the face images,https://dermnetnz.org/topics/basal-cell-carcinoma-affecting-the-face-images,https://dermnetnz.org/assets/Uploads/0616__FocusFillWzE1MCwxMTAsInkiLDIwXQ.jpg
Basal cell epithelioma affecting the nose images,https://dermnetnz.org/topics/basal-cell-carcinoma-affecting-the-nose-images,https://dermnetnz.org/assets/Uploads/0629__FocusFillWzE1MCwxMTAsInkiLDIwXQ.jpg
Basal cell epithelioma affecting the trunk images,https://dermnetnz.org/topics/basal-cell-carcinoma-affecting-the-trunk-images,https://dermnetnz.org/assets/Uploads/0653__FocusFillWzE1MCwxMTAsInkiLDFd.jpg
Basalioma affecting the ear images,https://dermnetnz.org/topics/basal-cell-carcinoma-affecting-the-ear-images,https://dermnetnz.org/assets/Uploads/0692__FocusFillWzE1MCwxMTAsInkiLDFd.jpg
Basalioma affecting the eyelid images,https://dermnetnz.org/topics/basal-cell-carcinoma-affecting-the-eyelid-images,https://dermnetnz.org/assets/Uploads/0633__FocusFillWzE1MCwxMTAsInkiLDIwXQ.jpg
Basalioma affecting the face images,https://dermnetnz.org/topics/basal-cell-carcinoma-affecting-the-face-images,https://dermnetnz.org/assets/Uploads/0616__FocusFillWzE1MCwxMTAsInkiLDIwXQ.jpg
Basalioma affecting the nose images,https://dermnetnz.org/topics/basal-cell-carcinoma-affecting-the-nose-images,https://dermnetnz.org/assets/Uploads/0629__FocusFillWzE1MCwxMTAsInkiLDIwXQ.jpg
Basalioma affecting the trunk images,https://dermnetnz.org/topics/basal-cell-carcinoma-affecting-the-trunk-images,https://dermnetnz.org/assets/Uploads/0653__FocusFillWzE1MCwxMTAsInkiLDFd.jpg
Behcet disease images,https://dermnetnz.org/images/behcet-disease-images,https://dermnetnz.org/assets/collection/Behcet-disease/behcet-disease-00033__FocusFillWzE1MCwxMTAsInkiLDFd.jpg
Besnier prurigo images,https://dermnetnz.org/topics/atopic-dermatitis-images,https://dermnetnz.org/assets/Uploads/atopic26-s__FocusFillWzE1MCwxMTAsInkiLDFd.jpg
Bowenoid papulosis images,https://dermnetnz.org/topics/bowenoid-papulosis-images,https://dermnetnz.org/assets/Uploads/bp2__FocusFillWzE1MCwxMTAsIngiLDIzXQ.jpg
Bullous pemphigoid images,https://dermnetnz.org/topics/bullous-pemphigoid-images,https://dermnetnz.org/assets/Uploads/3362__FocusFillWzE1MCwxMTAsInkiLDIwXQ.jpg
COVID-19 images,https://dermnetnz.org/topics/covid-19-images,https://dermnetnz.org/assets/Uploads/covid-8__FocusFillWzE1MCwxMTAsInkiLDFd.JPG
"Candida affecting the lips, mouth and face images",https://dermnetnz.org/topics/candida-affecting-the-lips-mouth-and-face-images,https://dermnetnz.org/assets/Uploads/1282-big2__FocusFillWzE1MCwxMTAsInkiLDFd.jpg
Candida albicans affecting the nail images,https://dermnetnz.org/topics/candida-albicans-affecting-the-nail-images,https://dermnetnz.org/assets/Uploads/1272__FocusFillWzE1MCwxMTAsInkiLDFd.jpg
Candida intertrigo images,https://dermnetnz.org/topics/candida-intertrigo-images,https://dermnetnz.org/assets/Uploads/1292__FocusFillWzE1MCwxMTAsInkiLDFd.jpg
Candida vulvovaginitis images,https://dermnetnz.org/topics/candida-vulvovaginitis-images,https://dermnetnz.org/assets/Uploads/1265-small2__FocusFillWzE1MCwxMTAsInkiLDYzXQ.jpg
"Candidiasis affecting the lips, mouth and face images",https://dermnetnz.org/topics/candida-affecting-the-lips-mouth-and-face-images,https://dermnetnz.org/assets/Uploads/1282-big2__FocusFillWzE1MCwxMTAsInkiLDFd.jpg
"Candidosis affecting the lips, mouth and face images",https://dermnetnz.org/topics/candida-affecting-the-lips-mouth-and-face-images,https://dermnetnz.org/assets/Uploads/1282-big2__FocusFillWzE1MCwxMTAsInkiLDFd.jpg
Capillaritis images,https://dermnetnz.org/topics/capillaritis-images,https://dermnetnz.org/assets/Uploads/2509__FocusFillWzE1MCwxMTAsIngiLDdd.jpg
Cherry angioma images,https://dermnetnz.org/topics/cherry-angioma-images,https://dermnetnz.org/assets/Uploads/1317__FocusFillWzE1MCwxMTAsInkiLDFd.jpg
Chronic plaque psoriasis images,https://dermnetnz.org/topics/chronic-plaque-psoriasis-images,https://dermnetnz.org/assets/Uploads/dscn5640__FocusFillWzE1MCwxMTAsInkiLDFd.jpg
Clark nevus images,https://dermnetnz.org/topics/atypical-naevus-images,https://dermnetnz.org/assets/Uploads/604__FocusFillWzE1MCwxMTAsInkiLDFd.jpg
Clavus images,https://dermnetnz.org/topics/corn-clavus-images,https://dermnetnz.org/assets/Uploads/clavus11-s2__FocusFillWzE1MCwxMTAsInkiLDFd.jpg
Conditions affecting the ear images,https://dermnetnz.org/topics/conditions-affecting-the-ear-images,https://dermnetnz.org/assets/Uploads/keloid__FocusFillWzE1MCwxMTAsInkiLDBd.jpg
Contact allergic dermatitis of the arm and leg images,https://dermnetnz.org/topics/contact-allergic-dermatitis-of-the-arm-and-leg-images,https://dermnetnz.org/assets/Uploads/2452__FocusFillWzE1MCwxMTAsInkiLDIwXQ.jpg
Contact allergic dermatitis of the face images,https://dermnetnz.org/topics/contact-allergic-dermatitis-of-the-face-images,https://dermnetnz.org/assets/Uploads/2443__FocusFillWzE1MCwxMTAsInkiLDIwXQ.jpg
Contact allergic dermatitis of the hand images,https://dermnetnz.org/topics/contact-allergic-dermatitis-of-the-hand-images,https://dermnetnz.org/assets/Uploads/eczalllehma__FocusFillWzE1MCwxMTAsInkiLDIwXQ.jpg
Contact allergic dermatitis of the torso images,https://dermnetnz.org/topics/contact-allergic-dermatitis-of-the-torso-images,https://dermnetnz.org/assets/Uploads/2484__FocusFillWzE1MCwxMTAsInkiLDIwXQ.jpg
Contact irritant dermatitis images,https://dermnetnz.org/topics/contact-irritant-dermatitis-images,https://dermnetnz.org/assets/Uploads/2512__FocusFillWzE1MCwxMTAsInkiLDFd.jpg
Corn images,https://dermnetnz.org/topics/corn-clavus-images,https://dermnetnz.org/assets/Uploads/clavus11-s__FocusFillWzE1MCwxMTAsInkiLDFd.jpg
Cutaneous horn images,https://dermnetnz.org/topics/cutaneous-horn-images,https://dermnetnz.org/assets/Uploads/horn-03-s-1__FocusFillWzE1MCwxMTAsInkiLDFd.jpg
Cutaneous lupus erythematosus images,https://dermnetnz.org/topics/cutaneous-lupus-erythematosus-images,https://dermnetnz.org/assets/Uploads/lupus-facial-s__FocusFillWzE1MCwxMTAsInkiLDFd.jpg
Cutaneous tuberculosis images,https://dermnetnz.org/topics/cutaneous-tuberculosis-images,https://dermnetnz.org/assets/Uploads/papulonecrotic-tb1-s__FocusFillWzE1MCwxMTAsInkiLDFd.jpg
Cysts affecting the vulval area images,https://dermnetnz.org/,https://dermnetnz.org/assets/Uploads/2617-1__FocusFillWzE1MCwxMTAsInkiLDE2XQ.jpg
Deep dermal disorder images,https://dermnetnz.org/image-catalogue/deep-dermal-disorder-images,https://dermnetnz.org/assets/Uploads/lymphoma1-s__FocusFillWzE1MCwxMTAsInkiLDFd.jpg
Dermatitis images,https://dermnetnz.org/topics/atopic-dermatitis-images,https://dermnetnz.org/assets/Uploads/atopic26-s__FocusFillWzE1MCwxMTAsInkiLDFd.jpg
Dermatofibroma images,https://dermnetnz.org/topics/dermatofibroma-images,https://dermnetnz.org/assets/Uploads/2400__FocusFillWzE1MCwxMTAsInkiLDFd.jpg
Dermatomyositis images,https://dermnetnz.org/topics/dermatomyositis-images,https://dermnetnz.org/assets/Uploads/dermatomyositis-eyelids-4__FocusFillWzE1MCwxMTAsIngiLDhd.jpg
Dermographism images,https://dermnetnz.org/topics/dermographism-images,https://dermnetnz.org/assets/Uploads/dermographism04-s__FocusFillWzE1MCwxMTAsInkiLDFd.jpg
Dermoscopy course images,https://dermnetnz.org/image-catalogue/dermoscopy-course-images,https://dermnetnz.org/assets/Uploads/solar-lentigo9-s__FocusFillWzE1MCwxMTAsIngiLDVd.jpg
Digital myxoid cyst images,https://dermnetnz.org/topics/digital-myxoid-cyst-images,https://dermnetnz.org/assets/Uploads/myxoid3-s__FocusFillWzE1MCwxMTAsInkiLDFd.jpg
Discoid eczema images,https://dermnetnz.org/topics/discoid-eczema-images,https://dermnetnz.org/assets/Uploads/nummular-eczema39-s__FocusFillWzE1MCwxMTAsInkiLDBd.jpg
Disease relating to site or age images,https://dermnetnz.org/image-catalogue/disease-relating-to-site-or-age-images,https://dermnetnz.org/assets/Uploads/eosinophilic-ulcer-s3__FocusFillWzE1MCwxMTAsInkiLDFd.jpg
Dry skin images,https://dermnetnz.org/topics/dry-skin-images,https://dermnetnz.org/assets/Uploads/2646__FocusFillWzE1MCwxMTAsInkiLDFd.jpg
Dysplastic naevi images,https://dermnetnz.org/topics/atypical-naevus-images,https://dermnetnz.org/assets/Uploads/604__FocusFillWzE1MCwxMTAsInkiLDFd.jpg
Eccrine poroma images,https://dermnetnz.org/topics/eccrine-poroma-images,https://dermnetnz.org/assets/Uploads/lesions/w/eccrine-poroma2__FocusFillWzE1MCwxMTAsInkiLDFd.jpg
Ecthyma images,https://dermnetnz.org/topics/ecthyma-images,https://dermnetnz.org/assets/Uploads/ecthyma-3-s__FocusFillWzE1MCwxMTAsInkiLDBd.jpg
Eczema herpeticum images,https://dermnetnz.org/topics/eczema-herpeticum-images,https://dermnetnz.org/assets/Uploads/eczema-herpticum02-s__FocusFillWzE1MCwxMTAsInkiLDFd.jpg
Ehlers–Danlos syndrome images,https://dermnetnz.org/topics/ehlers-danlos-syndrome-images,https://dermnetnz.org/assets/Uploads/EDS-hypermobility-02__FocusFillWzE1MCwxMTAsInkiLDFd.jpg
Enteroviral infection images,https://dermnetnz.org/topics/hand-foot-and-mouth-disease-images,https://dermnetnz.org/assets/Uploads/hfm3-s2__FocusFillWzE1MCwxMTAsInkiLDFd.jpg
Epidermal and pilar cyst images,https://dermnetnz.org/topics/epidermoid-and-trichilemmal-cyst-images,https://dermnetnz.org/assets/Uploads/cyst16-s__FocusFillWzE1MCwxMTAsInkiLDFd.jpg
Epiloia images,https://dermnetnz.org/topics/tuberous-sclerosis-images,https://dermnetnz.org/assets/Uploads/angiofibromas-19-s__FocusFillWzE1MCwxMTAsInkiLDFd.jpg
Epiloia images,https://dermnetnz.org/topics/tuberous-sclerosis-images,https://dermnetnz.org/assets/Uploads/tuberous-sclerosis05-s__FocusFillWzE1MCwxMTAsInkiLDFd.jpg
Erythema infectiosum images,https://dermnetnz.org/topics/erythema-infectiosum-fifth-disease-images,https://dermnetnz.org/assets/Uploads/fifth05-s__FocusFillWzE1MCwxMTAsInkiLDBd.jpg
Erythema migrans images,https://dermnetnz.org/topics/erythema-migrans-images,https://dermnetnz.org/assets/Uploads/ecm-16__FocusFillWzE1MCwxMTAsInkiLDFd.JPG
Erythema multiforme images,https://dermnetnz.org/topics/erythema-multiforme-images,https://dermnetnz.org/assets/Uploads/emultifor3-s__FocusFillWzE1MCwxMTAsInkiLDFd.jpg
Erythema nodosum images,https://dermnetnz.org/topics/erythema-nodosum-images,https://dermnetnz.org/assets/Uploads/en10-s__FocusFillWzE1MCwxMTAsInkiLDFd.jpg
Erythrasma images,https://dermnetnz.org/topics/erythrasma-images,https://dermnetnz.org/assets/Uploads/erythrasma05-s__FocusFillWzE1MCwxMTAsInkiLDFd.jpg
Erythroderma images,https://dermnetnz.org/topics/erythroderma-images,https://dermnetnz.org/assets/Uploads/erythroderma-06-s__FocusFillWzE1MCwxMTAsInkiLDFd.jpg
Extragenital lichen sclerosus images,https://dermnetnz.org/topics/extragenital-lichen-sclerosus-images,https://dermnetnz.org/assets/Uploads/102__FocusFillWzE1MCwxMTAsInkiLDFd.jpg
Eyebrow loss images,https://dermnetnz.org/topics/madarosis-images,https://dermnetnz.org/assets/Uploads/madarosis-21__FocusFillWzE1MCwxMTAsInkiLDFd.JPG
Eyelash loss images,https://dermnetnz.org/topics/madarosis-images,https://dermnetnz.org/assets/Uploads/madarosis-21__FocusFillWzE1MCwxMTAsInkiLDFd.JPG
Eyelid dermatitis images,https://dermnetnz.org/topics/eyelid-dermatitis-images,https://dermnetnz.org/assets/Uploads/eyelid-dermatitis-06-s__FocusFillWzE1MCwxMTAsInkiLDFd.jpg
Fabry disease images,https://dermnetnz.org/topics/angiokeratoma-images,https://dermnetnz.org/assets/Uploads/angiokeratoma-2__FocusFillWzE1MCwxMTAsInkiLDFd.JPG
Facial acne images,https://dermnetnz.org/topics/acne-face-images,https://dermnetnz.org/assets/Uploads/Screen-Shot-2018-01-25-at-8__FocusFillWzE1MCwxMTAsIngiLDFd.28.37-PM.png
Facial psoriasis images,https://dermnetnz.org/topics/facial-psoriasis-images,https://dermnetnz.org/assets/Uploads/facial-psoriasis13-s__FocusFillWzE1MCwxMTAsInkiLDFd.jpg
Fibrofolliculomas in Birt–Hogg–Dubé images,https://dermnetnz.org/topics/fibrofolliculomas-in-birthoggdube-images,https://dermnetnz.org/assets/Uploads/birt-hogg-dube-8__FocusFillWzE1MCwxMTAsInkiLDFd.JPG
Fifth disease images,https://dermnetnz.org/topics/erythema-infectiosum-fifth-disease-images,https://dermnetnz.org/assets/Uploads/fifth05-s__FocusFillWzE1MCwxMTAsInkiLDBd.jpg
Fishtank granuloma images,https://dermnetnz.org/topics/atypical-mycobacterial-infection-images,https://dermnetnz.org/assets/Uploads/m-marinum-2-s__FocusFillWzE1MCwxMTAsInkiLDFd.jpg
Flexural psoriasis images,https://dermnetnz.org/topics/flexural-psoriasis-images,https://dermnetnz.org/assets/Uploads/psorkai3__FocusFillWzE1MCwxMTAsInkiLDFd.JPG
Folliculitis images,https://dermnetnz.org/topics/folliculitis-images,https://dermnetnz.org/assets/Uploads/2650__FocusFillWzE1MCwxMTAsInkiLDIwXQ.jpg
Folliculitis keloidalis images,https://dermnetnz.org/topics/folliculitis-keloidalis-images,https://dermnetnz.org/assets/Uploads/3720__FocusFillWzE1MCwxMTAsInkiLDFd.jpg
Fordyce angiokeratoma images,https://dermnetnz.org/topics/angiokeratoma-images,https://dermnetnz.org/assets/Uploads/angiokeratoma-2__FocusFillWzE1MCwxMTAsInkiLDFd.JPG
Fungal skin infection images,https://dermnetnz.org/image-catalogue/fungal-skin-infection-images,https://dermnetnz.org/assets/Uploads/tinea-barbae001-s__FocusFillWzE1MCwxMTAsInkiLDFd.jpg
Generalised pustular psoriasis images,https://dermnetnz.org/topics/generalised-pustular-psoriasis-images,https://dermnetnz.org/assets/Uploads/gen-pustular-psoriasis-03__FocusFillWzE1MCwxMTAsInkiLDFd.JPG
Genital Crohn disease images,https://dermnetnz.org/topics/genital-crohn-disease-images,https://dermnetnz.org/assets/Uploads/genital-crohn-1-s__FocusFillWzE1MCwxMTAsInkiLDM5XQ.jpg
Genital herpes images,https://dermnetnz.org/topics/genital-herpes-images,https://dermnetnz.org/assets/Uploads/hsbuttock2-s__FocusFillWzE1MCwxMTAsInkiLDFd.jpg
Genital lichen planus images,https://dermnetnz.org/images/genital-lichen-planus-images,https://dermnetnz.org/assets/Uploads/2381-s3__FocusFillWzE1MCwxMTAsInkiLDEwXQ.jpg
Genital psoriasis images,https://dermnetnz.org/topics/genital-psoriasis-images,https://dermnetnz.org/assets/Uploads/genital-psoriasis-09-s2__FocusFillWzE1MCwxMTAsInkiLDEyXQ.jpg
Genital wart images,https://dermnetnz.org/topics/genital-wart-images,https://dermnetnz.org/assets/Uploads/gw2-small2__FocusFillWzE1MCwxMTAsInkiLDE1XQ.jpg
Gougerot Blum images,https://dermnetnz.org/topics/capillaritis-images,https://dermnetnz.org/assets/Uploads/2509__FocusFillWzE1MCwxMTAsIngiLDdd.jpg
Gouty tophus images,https://dermnetnz.org/topics/gouty-tophi-images,https://dermnetnz.org/assets/Uploads/gout6-s__FocusFillWzE1MCwxMTAsInkiLDFd.jpg
Granular parakeratosis images,https://dermnetnz.org/topics/granular-parakeratosis-images,https://dermnetnz.org/assets/Uploads/granular-parakeratosis-8__FocusFillWzE1MCwxMTAsInkiLDFd.jpg
Granuloma annulare images,https://dermnetnz.org/topics/granuloma-annulare-images,https://dermnetnz.org/assets/Uploads/ga12-s__FocusFillWzE1MCwxMTAsInkiLDFd.jpg
Grover disease,https://dermnetnz.org/topics/transient-acantholytic-dermatosis-images,https://dermnetnz.org/assets/Uploads/scaly/grovers-disease/2729__FocusFillWzE1MCwxMTAsInkiLDFd.jpg
Guttate psoriasis images,https://dermnetnz.org/topics/guttate-psoriasis-images,https://dermnetnz.org/assets/Uploads/2756__FocusFillWzE1MCwxMTAsInkiLDFd.jpg
"Hair, scalp, nail and sweat images",https://dermnetnz.org/image-catalogue/hair-scalp-nail-and-sweat-images,https://dermnetnz.org/assets/Uploads/woolly-hair-naevus2-s2__FocusFillWzE1MCwxMTAsInkiLDFd.jpg
Halo mole images,https://dermnetnz.org/topics/halo-mole-images,https://dermnetnz.org/assets/Uploads/bml-h2-thunmbnail__FocusFillWzE1MCwxMTAsInkiLDFd.jpg
Hand dermatitis images,https://dermnetnz.org/topics/hand-dermatitis-images,https://dermnetnz.org/assets/Uploads/2808__FocusFillWzE1MCwxMTAsInkiLDIwXQ.jpg
Hand foot and mouth disease images,https://dermnetnz.org/topics/hand-foot-and-mouth-disease-images,https://dermnetnz.org/assets/Uploads/hfm3-s3__FocusFillWzE1MCwxMTAsInkiLDFd.jpg
Herpes simplex images,https://dermnetnz.org/topics/herpes-simplex-images,https://dermnetnz.org/assets/Uploads/2881__FocusFillWzE1MCwxMTAsInkiLDFd.jpg
Herpes zoster images,https://dermnetnz.org/topics/herpes-zoster-images,https://dermnetnz.org/assets/Uploads/zoster-14-s__FocusFillWzE1MCwxMTAsInkiLDFd.jpg
Hidradenitis suppurativa images,https://dermnetnz.org/topics/hidradenitis-suppurativa-images,https://dermnetnz.org/assets/Uploads/hs-axilla-54__FocusFillWzE1MCwxMTAsInkiLDFd.JPG
Hidrocystoma images,https://dermnetnz.org/topics/hidrocystoma-images,https://dermnetnz.org/assets/Uploads/hidrocystoma-3__FocusFillWzE1MCwxMTAsInkiLDFd.jpg
Hypomelanotic malignant melanoma images,https://dermnetnz.org/topics/amelanotic-melanoma-images,https://dermnetnz.org/assets/Uploads/12a-amelanotic-melanoma__FocusFillWzE1MCwxMTAsInkiLDFd.jpg
Ichthyosis images,https://dermnetnz.org/topics/ichthyosis-images,https://dermnetnz.org/assets/Uploads/ichthyosis-25-s__FocusFillWzE1MCwxMTAsInkiLDFd.jpg
Immunological disorder images,https://dermnetnz.org/image-catalogue/immunological-disorder-images,https://dermnetnz.org/assets/Uploads/htrophicle-s__FocusFillWzE1MCwxMTAsInkiLDFd.jpg
Impetigo images,https://dermnetnz.org/images/impetigo-images,https://dermnetnz.org/assets/Uploads/impet8-s__FocusFillWzE1MCwxMTAsInkiLDFd.jpg
In situ squamous cell carcinoma images,https://dermnetnz.org/topics/intraepidermal-carcinoma-images,https://dermnetnz.org/assets/Uploads/2916__FocusFillWzE1MCwxMTAsInkiLDFd.jpg
Infantile acne images,https://dermnetnz.org/topics/infantile-acne-images,https://dermnetnz.org/assets/Uploads/infantile-acne1-s__FocusFillWzE1MCwxMTAsInkiLDFd.jpg
Infantile papular acrodermatitis images,https://dermnetnz.org/topics/infantile-papular-acrodermatitis-images,https://dermnetnz.org/assets/Uploads/gcs09-s__FocusFillWzE1MCwxMTAsInkiLDFd.jpg
Insect bite images,https://dermnetnz.org/topics/insect-bite-images,https://dermnetnz.org/assets/Uploads/bites-s__FocusFillWzE1MCwxMTAsInkiLDFd.jpg
"Insect, mite and worm bite images",https://dermnetnz.org/image-catalogue/insect-mite-and-worm-bite-images,https://dermnetnz.org/assets/Uploads/leishmaniasis1__FocusFillWzE1MCwxMTAsInkiLDFd.jpg
Juvenile plantar dermatosis images,https://dermnetnz.org/topics/juvenile-plantar-dermatosis-images,https://dermnetnz.org/assets/Uploads/jpd10-s__FocusFillWzE1MCwxMTAsInkiLDFd.jpg
Kaposi sarcoma images,https://dermnetnz.org/topics/kaposi-sarcoma-images,https://dermnetnz.org/assets/Uploads/plaque2__FocusFillWzE1MCwxMTAsIngiLDZd.jpg
Keloid images,https://dermnetnz.org/topics/keloid-images,https://dermnetnz.org/assets/Uploads/keloid22-s__FocusFillWzE1MCwxMTAsInkiLDFd.jpg
Keratoacanthoma images,https://dermnetnz.org/topics/keratoacanthoma-images,https://dermnetnz.org/assets/Uploads/3001__FocusFillWzE1MCwxMTAsInkiLDFd.jpg
Keratolytic winter erythema,https://dermnetnz.org/topics/keratolytic-winter-erythema-images,https://dermnetnz.org/assets/Uploads/keratolytic-winter-erythema-08__FocusFillWzE1MCwxMTAsIngiLDdd.jpg
Keratosis pilaris images,https://dermnetnz.org/topics/keratosis-pilaris-images,https://dermnetnz.org/assets/Uploads/3014__FocusFillWzE1MCwxMTAsInkiLDFd.jpg
Kerion images,https://dermnetnz.org/topics/kerion-images,https://dermnetnz.org/assets/Uploads/kerion09-s__FocusFillWzE1MCwxMTAsInkiLDFd.jpg
Labial fusion images,https://dermnetnz.org/topics/labial-fusion-images,https://dermnetnz.org/assets/Uploads/labial-fusion05-s__FocusFillWzE1MCwxMTAsInkiLDUwXQ.jpg
Lax beetle images,https://dermnetnz.org/topics,https://dermnetnz.org/assets/Uploads/lax-beetle-3__FocusFillWzE1MCwxMTAsInkiLDFd.jpg
Leg ulcer images,https://dermnetnz.org/topics/leg-ulcer-images,https://dermnetnz.org/assets/Uploads/3061__FocusFillWzE1MCwxMTAsInkiLDQ1XQ.jpg
Leishmaniasis images,https://dermnetnz.org/,https://dermnetnz.org/assets/Uploads/cutaneous-leishmaniasis-19-v3__FocusFillWzE1MCwxMTAsInkiLDFd.JPG
Lentigo images,https://dermnetnz.org/topics/lentigo-images,https://dermnetnz.org/assets/Uploads/lentigo10-s__FocusFillWzE1MCwxMTAsInkiLDFd.jpg
Lentigo maligna melanoma images,https://dermnetnz.org/topics/lentigo-maligna-melanoma-images,https://dermnetnz.org/assets/Uploads/lmm5-big2__FocusFillWzE1MCwxMTAsInkiLDFd.jpg
"Lesion, tumour and cancer images",https://dermnetnz.org/image-catalogue/lesion-tumour-and-cancer-images,https://dermnetnz.org/assets/Uploads/ep-n5-s__FocusFillWzE1MCwxMTAsInkiLDFd.jpg
Lichen aureus images,https://dermnetnz.org/topics/capillaritis-images,https://dermnetnz.org/assets/Uploads/2509__FocusFillWzE1MCwxMTAsIngiLDdd.jpg
Lichen planus images,https://dermnetnz.org/images/lichen-planus-images,https://dermnetnz.org/assets/Uploads/3078__FocusFillWzE1MCwxMTAsInkiLDFd.jpg
Lichen planus nail images,https://dermnetnz.org/images/nail-lichen-planus-images,https://dermnetnz.org/assets/Uploads/lichen-planus-matrix-2-s__FocusFillWzE1MCwxMTAsInkiLDFd.jpg
Lichen simplex images,https://dermnetnz.org/,https://dermnetnz.org/assets/Uploads/3118__FocusFillWzE1MCwxMTAsIngiLDdd.jpg
Lipodermatosclerosis,https://dermnetnz.org/topics/lipodermatosclerosis-images,https://dermnetnz.org/assets/Uploads/acute-lipodermatosclerosis-06__FocusFillWzE1MCwxMTAsInkiLDFd.JPG
Loss of eyebrows images,https://dermnetnz.org/topics/madarosis-images,https://dermnetnz.org/assets/Uploads/madarosis-21__FocusFillWzE1MCwxMTAsInkiLDFd.JPG
Loss of eyelashes images,https://dermnetnz.org/topics/madarosis-images,https://dermnetnz.org/assets/Uploads/madarosis-21__FocusFillWzE1MCwxMTAsInkiLDFd.JPG
Madarosis images,https://dermnetnz.org/topics/madarosis-images,https://dermnetnz.org/assets/Uploads/madarosis-21__FocusFillWzE1MCwxMTAsInkiLDFd.JPG
Majocchi purpura images,https://dermnetnz.org/topics/capillaritis-images,https://dermnetnz.org/assets/Uploads/2509__FocusFillWzE1MCwxMTAsIngiLDdd.jpg
Mammmary and extramammary Paget disease,https://dermnetnz.org/topics/mammary-and-extramammary-paget-disease-of-the-skin-images,https://dermnetnz.org/assets/Uploads/extra-paget-04__FocusFillWzE1MCwxMTAsInkiLDFd.JPG
Measles images,https://dermnetnz.org/topics/measles-images,https://dermnetnz.org/assets/Uploads/measles10-s__FocusFillWzE1MCwxMTAsInkiLDFd.jpg
Melanoma in situ images,https://dermnetnz.org/topics/melanoma-in-situ-images,https://dermnetnz.org/assets/Uploads/alm17__FocusFillWzE1MCwxMTAsInkiLDFd.jpg
Melanoma of nail unit images,https://dermnetnz.org/topics/melanoma-of-nail-unit-images,https://dermnetnz.org/assets/Uploads/melanoma-s2__FocusFillWzE1MCwxMTAsInkiLDFd.jpg
Melanonychia images,https://dermnetnz.org/topics/melanonychia-images,https://dermnetnz.org/assets/Uploads/melanonychia-08-s__FocusFillWzE1MCwxMTAsInkiLDBd.jpg
Melasma images,https://dermnetnz.org/topics/melasma-images,https://dermnetnz.org/assets/Uploads/3130__FocusFillWzE1MCwxMTAsInkiLDFd.jpg
Metastatic melanoma images,https://dermnetnz.org/topics/metastatic-melanoma-images,https://dermnetnz.org/assets/Uploads/metastatic-melanoma-008__FocusFillWzE1MCwxMTAsIngiLDdd.JPG
Milia images,https://dermnetnz.org/topics/milia-images,https://dermnetnz.org/assets/Uploads/milia-18__FocusFillWzE1MCwxMTAsInkiLDFd.jpg
Mole images,https://dermnetnz.org/topics/mole-images,https://dermnetnz.org/assets/Uploads/3180__FocusFillWzE1MCwxMTAsInkiLDFd.jpg
Molluscum contagiosum images,https://dermnetnz.org/topics/molluscum-contagiosum-images,https://dermnetnz.org/assets/Uploads/molluscum50-s__FocusFillWzE1MCwxMTAsInkiLDBd.jpg
"Moniliasis affecting the lips, mouth and face images",https://dermnetnz.org/topics/candida-affecting-the-lips-mouth-and-face-images,https://dermnetnz.org/assets/Uploads/1282-big2__FocusFillWzE1MCwxMTAsInkiLDFd.jpg
Morphea images,https://dermnetnz.org/topics/morphoea-images,https://dermnetnz.org/assets/Uploads/3193__FocusFillWzE1MCwxMTAsInkiLDIwXQ.jpg
Nail psoriasis images,https://dermnetnz.org/topics/nail-psoriasis-images,https://dermnetnz.org/assets/Uploads/3227__FocusFillWzE1MCwxMTAsInkiLDIwXQ.jpg
Necrotising fasciitis images,https://dermnetnz.org/topics/necrotising-fasciitis-images,https://dermnetnz.org/assets/Uploads/nec-fas9-s__FocusFillWzE1MCwxMTAsInkiLDFd.jpg
Neurofibromatosis images,https://dermnetnz.org/topics/neurofibromatosis-images,https://dermnetnz.org/assets/Uploads/nf7__FocusFillWzE1MCwxMTAsInkiLDFd.jpg
Nodular BCC images,https://dermnetnz.org/topics/nodular-bcc-images,https://dermnetnz.org/assets/Uploads/nBCC__FocusFillWzE1MCwxMTAsIngiLDdd.jpg
Nodular basal cell carcinoma images,https://dermnetnz.org/topics/nodular-bcc-images,https://dermnetnz.org/assets/Uploads/nBCC3__FocusFillWzE1MCwxMTAsIngiLDdd.jpg
Nodular melanoma images,https://dermnetnz.org/topics/nodular-melanoma-images,https://dermnetnz.org/assets/Uploads/nm3-s__FocusFillWzE1MCwxMTAsInkiLDFd.jpg
Nontuberculous mycobacteria images,https://dermnetnz.org/topics/atypical-mycobacterial-infection-images,https://dermnetnz.org/assets/Uploads/m-marinum-2-s__FocusFillWzE1MCwxMTAsInkiLDFd.jpg
Nummular dermatitis images,https://dermnetnz.org/topics/discoid-eczema-images,https://dermnetnz.org/assets/Uploads/nummular-eczema39-s__FocusFillWzE1MCwxMTAsInkiLDBd.jpg
Orf images,https://dermnetnz.org/topics/orf-images,https://dermnetnz.org/assets/Uploads/orf15-s__FocusFillWzE1MCwxMTAsInkiLDBd.jpg
PMLE images,https://dermnetnz.org/images/polymorphic-light-eruption-images,https://dermnetnz.org/assets/Uploads/pmle-12__FocusFillWzE1MCwxMTAsInkiLDFd.jpg
Palmoplantar psoriasis images,https://dermnetnz.org/topics/palmoplantar-psoriasis-images,https://dermnetnz.org/assets/Uploads/ppps03-s__FocusFillWzE1MCwxMTAsIngiLDld.jpg
Palmoplantar pustulosis images,https://dermnetnz.org/topics/palmoplantar-pustulosis-images,https://dermnetnz.org/assets/Uploads/palmar-pustulosis-01__FocusFillWzE1MCwxMTAsIngiLDld.JPG
Paronychia images,https://dermnetnz.org/topics/paronychia-images,https://dermnetnz.org/assets/Uploads/3295__FocusFillWzE1MCwxMTAsInkiLDFd.jpg
Patch test images,https://dermnetnz.org/topics/patch-test-images,https://dermnetnz.org/assets/Uploads/3312__FocusFillWzE1MCwxMTAsInkiLDFd.jpg
Pemphigus vulgaris,https://dermnetnz.org/images/pemphigus-vulgaris-images,https://dermnetnz.org/assets/Uploads/pemphigus-vulgaris-20__FocusFillWzE1MCwxMTAsInkiLDFd.JPG
Penile epithelial neoplasia images,https://dermnetnz.org/topics/penile-epithelial-neoplasia-images,https://dermnetnz.org/assets/Uploads/pin1-1__FocusFillWzE1MCwxMTAsInkiLDhd.jpg
Penile infections images,https://dermnetnz.org/topics/balanitis-images,https://dermnetnz.org/assets/Uploads/balanitis4-s-1__FocusFillWzE1MCwxMTAsInkiLDIzXQ.jpg
Penile lichen planus images,https://dermnetnz.org/images/genital-lichen-planus-images,https://dermnetnz.org/assets/Uploads/2381-s3__FocusFillWzE1MCwxMTAsInkiLDEwXQ.jpg
Penile lichen sclerosus,https://dermnetnz.org/topics/penile-lichen-sclerosus-images,https://dermnetnz.org/assets/Uploads/088-small__FocusFillWzE1MCwxMTAsInkiLDQ0XQ.jpg
Penile pearly papules images,https://dermnetnz.org/topics/pearly-penile-papules-images,https://dermnetnz.org/assets/Uploads/ppp1-small2__FocusFillWzE1MCwxMTAsIngiLDIwXQ.jpg
Perianal lichen sclerosus images,https://dermnetnz.org/topics/perianal-lichen-sclerosus-images,https://dermnetnz.org/assets/Uploads/086-small2__FocusFillWzE1MCwxMTAsIngiLDEyXQ.jpg
Perioral dermatitis images,https://dermnetnz.org/topics/periorificial-dermatitis-images,https://dermnetnz.org/assets/Uploads/3413__FocusFillWzE1MCwxMTAsInkiLDFd.jpg
Perleche images,https://dermnetnz.org/topics/angular-cheilitis-images,https://dermnetnz.org/assets/Uploads/perleche13-s__FocusFillWzE1MCwxMTAsInkiLDFd.jpg
Perlèche images,https://dermnetnz.org/topics/angular-cheilitis-images,https://dermnetnz.org/assets/Uploads/perleche13-s__FocusFillWzE1MCwxMTAsInkiLDFd.jpg
Phototherapy course images,https://dermnetnz.org/image-catalogue/phototherapy-course-images,https://dermnetnz.org/assets/Uploads/uva1-s__FocusFillWzE1MCwxMTAsInkiLDc3XQ.jpg
Piezogenic papule images,https://dermnetnz.org/topics/piezogenic-papule-images,https://dermnetnz.org/assets/Uploads/piezogenic-papules1-s__FocusFillWzE1MCwxMTAsInkiLDFd.jpg
Pigmentation problem images,https://dermnetnz.org/image-catalogue/pigmentation-problem-images,https://dermnetnz.org/assets/Uploads/vitiligo-51-s__FocusFillWzE1MCwxMTAsInkiLDFd.jpg
Pigmented purpura images,https://dermnetnz.org/topics/capillaritis-images,https://dermnetnz.org/assets/Uploads/2509__FocusFillWzE1MCwxMTAsIngiLDdd.jpg
Pigmented purpuric lichenoid dermatosis images,https://dermnetnz.org/topics/capillaritis-images,https://dermnetnz.org/assets/Uploads/2509__FocusFillWzE1MCwxMTAsIngiLDdd.jpg
Pityriasis alba images,https://dermnetnz.org/images/pityrasis-alba-images,https://dermnetnz.org/assets/Uploads/pityriasis-alba-3-s__FocusFillWzE1MCwxMTAsInkiLDFd.jpg
Pityriasis rosea images,https://dermnetnz.org/,https://dermnetnz.org/assets/Uploads/pit-rosea26-s__FocusFillWzE1MCwxMTAsInkiLDFd.jpg
Pityriasis versicolor images,https://dermnetnz.org/topics/pityriasis-versicolor-images,https://dermnetnz.org/assets/Uploads/pitver2s__FocusFillWzE1MCwxMTAsInkiLDFd.jpg
Plasma cell balanitis/vulvitis images,https://dermnetnz.org/topics/plasma-cell-balanitisvulvitis-images,https://dermnetnz.org/assets/Uploads/plasma1__FocusFillWzE1MCwxMTAsIngiLDI2XQ.jpg
Polymorphic light eruption images,https://dermnetnz.org/images/polymorphic-light-eruption-images,https://dermnetnz.org/assets/Uploads/pmle-12__FocusFillWzE1MCwxMTAsInkiLDFd.jpg
Polymorphous light eruption images,https://dermnetnz.org/images/polymorphic-light-eruption-images,https://dermnetnz.org/assets/Uploads/pmle-12__FocusFillWzE1MCwxMTAsInkiLDFd.jpg
Pompholyx images,https://dermnetnz.org/topics/pompholyx-images,https://dermnetnz.org/assets/Uploads/3517__FocusFillWzE1MCwxMTAsInkiLDIwXQ.jpg
Pretibial myxoedema images,https://dermnetnz.org/topics/pretibial-myxoedema-images,https://dermnetnz.org/assets/Uploads/pretibial-myxoedema-17-s__FocusFillWzE1MCwxMTAsInkiLDFd.jpg
Principals of dermatological practice course images,https://dermnetnz.org/image-catalogue/principals-of-dermatological-practice-course-images,https://dermnetnz.org/assets/Uploads/tape-reaction-s__FocusFillWzE1MCwxMTAsInkiLDFd.jpg
Procedures images,https://dermnetnz.org/image-catalogue/procedures-images,https://dermnetnz.org/assets/Uploads/mohs5-s__FocusFillWzE1MCwxMTAsInkiLDFd.jpg
Prurigo of pregnancy images,https://dermnetnz.org/topics/prurigo-of-pregnancy-images,https://dermnetnz.org/assets/Uploads/prurigo-pregnancy-05-s__FocusFillWzE1MCwxMTAsInkiLDFd.jpg
Psoriasis affecting the face images,https://dermnetnz.org/topics/facial-psoriasis-images,https://dermnetnz.org/assets/Uploads/facial-psoriasis13-s2__FocusFillWzE1MCwxMTAsInkiLDFd.jpg
Psoriasis of the scalp images,https://dermnetnz.org/topics/psoriasis-of-the-scalp-images,https://dermnetnz.org/assets/Uploads/3567__FocusFillWzE1MCwxMTAsInkiLDFd.jpg
Purpura annularis telangiectodes images,https://dermnetnz.org/topics/capillaritis-images,https://dermnetnz.org/assets/Uploads/2509__FocusFillWzE1MCwxMTAsIngiLDdd.jpg
Pustular psoriasis of the hand and feet images,https://dermnetnz.org/topics/palmoplantar-pustulosis-images,https://dermnetnz.org/assets/Uploads/ppps03-s__FocusFillWzE1MCwxMTAsIngiLDld.jpg
Reactions to external agent images,https://dermnetnz.org/image-catalogue/reactions-to-external-agent-images,https://dermnetnz.org/assets/Uploads/cle1-s__FocusFillWzE1MCwxMTAsInkiLDFd.jpg
Rhinophyma images,https://dermnetnz.org/topics/rhinophyma-images,https://dermnetnz.org/assets/Uploads/rhinophyma-03-s__FocusFillWzE1MCwxMTAsInkiLDFd.jpg
Rodent ulcer affecting the ear images,https://dermnetnz.org/topics/basal-cell-carcinoma-affecting-the-ear-images,https://dermnetnz.org/assets/Uploads/0692__FocusFillWzE1MCwxMTAsInkiLDFd.jpg
Rodent ulcer affecting the eyelid images,https://dermnetnz.org/topics/basal-cell-carcinoma-affecting-the-eyelid-images,https://dermnetnz.org/assets/Uploads/0633__FocusFillWzE1MCwxMTAsInkiLDIwXQ.jpg
Rodent ulcer affecting the face images,https://dermnetnz.org/topics/basal-cell-carcinoma-affecting-the-face-images,https://dermnetnz.org/assets/Uploads/0616__FocusFillWzE1MCwxMTAsInkiLDIwXQ.jpg
Rodent ulcer affecting the nose images,https://dermnetnz.org/topics/basal-cell-carcinoma-affecting-the-nose-images,https://dermnetnz.org/assets/Uploads/0629__FocusFillWzE1MCwxMTAsInkiLDIwXQ.jpg
Rodent ulcer affecting the trunk images,https://dermnetnz.org/topics/basal-cell-carcinoma-affecting-the-trunk-images,https://dermnetnz.org/assets/Uploads/0653__FocusFillWzE1MCwxMTAsInkiLDFd.jpg
Rosacea images,https://dermnetnz.org/images/rosacea-images,https://dermnetnz.org/assets/Uploads/3618__FocusFillWzE1MCwxMTAsInkiLDFd.jpg
Roseola images,https://dermnetnz.org/topics/roseola-images,https://dermnetnz.org/assets/Uploads/roseola-001__FocusFillWzE1MCwxMTAsInkiLDFd.jpg
SJS-TEN images,https://dermnetnz.org/topics/sjs-ten-images,https://dermnetnz.org/assets/Uploads/sjs-ten-trunk-148__FocusFillWzE1MCwxMTAsInkiLDFd.JPG
SLE images,https://dermnetnz.org/topics/systemic-lupus-erythematosus-images,https://dermnetnz.org/assets/Uploads/sle-07-s2__FocusFillWzE1MCwxMTAsInkiLDFd.jpg
Scabies images,https://dermnetnz.org/images/scabies-images,https://dermnetnz.org/assets/Uploads/scabies28-s__FocusFillWzE1MCwxMTAsInkiLDFd.jpg
Scalp folliculitis images,https://dermnetnz.org/topics/scalp-folliculitis-images,https://dermnetnz.org/assets/Uploads/3664__FocusFillWzE1MCwxMTAsIngiLDRd.jpg
Scaly skin disease images,https://dermnetnz.org/image-catalogue/scaly-skin-disease-images,https://dermnetnz.org/assets/Uploads/darier-post-s__FocusFillWzE1MCwxMTAsInkiLDFd.jpg
Schamberg disease images,https://dermnetnz.org/topics/capillaritis-images,https://dermnetnz.org/assets/Uploads/2509__FocusFillWzE1MCwxMTAsIngiLDdd.jpg
Sebaceous hyperplasia images,https://dermnetnz.org/topics/sebaceous-hyperplasia-images,https://dermnetnz.org/assets/Uploads/3773__FocusFillWzE1MCwxMTAsInkiLDIwXQ.jpg
Seborrhoeic keratosis dermoscopy images,https://dermnetnz.org/topics/seborrhoeic-keratosis-dermoscopy-images,https://dermnetnz.org/assets/Uploads/sebk-dermoscopy31-s__FocusFillWzE1MCwxMTAsInkiLDFd.jpg
Seborrhoeic keratosis images,https://dermnetnz.org/topics/seborrhoeic-keratosis-images,https://dermnetnz.org/assets/Uploads/sebks21-s__FocusFillWzE1MCwxMTAsInkiLDFd.jpg
Shiitake flagellate dermatitis images,https://dermnetnz.org/topics/shiitake-flagellate-dermatitis-images,https://dermnetnz.org/assets/Uploads/shiitake-flagellate-erythema-3__FocusFillWzE1MCwxMTAsInkiLDFd.jpg
Skin pathology images,https://dermnetnz.org/image-catalogue/skin-pathology-images,https://dermnetnz.org/assets/Uploads/igg4-related-3-sm__FocusFillWzE1MCwxMTAsInkiLDBd.jpg
Skin signs of systemic disease images,https://dermnetnz.org/image-catalogue/skin-signs-of-systemic-disease-images,https://dermnetnz.org/assets/Uploads/tuberous-sclerosis02-s__FocusFillWzE1MCwxMTAsInkiLDBd.jpg
Skin tag images,https://dermnetnz.org/topics/skin-tag-images,https://dermnetnz.org/assets/Uploads/skintag03-s__FocusFillWzE1MCwxMTAsInkiLDFd.jpg
Solar keratosis affecting the face images,https://dermnetnz.org/topics/actinic-keratosis-face-images,https://dermnetnz.org/assets/Uploads/248__FocusFillWzE1MCwxMTAsInkiLDFd.jpg
Solar keratosis affecting the hand images,https://dermnetnz.org/topics/actinic-keratosis-affecting-the-hand-images,https://dermnetnz.org/assets/Uploads/393__FocusFillWzE1MCwxMTAsInkiLDFd.jpg
Solar keratosis affecting the legs and feet images,https://dermnetnz.org/topics/actinic-keratosis-leg-and-foot-images,https://dermnetnz.org/assets/Uploads/478__FocusFillWzE1MCwxMTAsInkiLDFd.jpg
Solar keratosis affecting the scalp images,https://dermnetnz.org/topics/actinic-keratosis-scalp-images,https://dermnetnz.org/assets/Uploads/418__FocusFillWzE1MCwxMTAsInkiLDFd.jpg
Solar keratosis on the nose images,https://dermnetnz.org/topics/actinic-keratosis-on-the-nose-images,https://dermnetnz.org/assets/Uploads/sks-nose3-s__FocusFillWzE1MCwxMTAsInkiLDFd.jpg
Solar keratosis treated with imiquimod images,https://dermnetnz.org/topics/actinic-keratosis-imiquimod-images,https://dermnetnz.org/assets/Uploads/3723__FocusFillWzE1MCwxMTAsInkiLDFd.jpg
Solar lentigo images,https://dermnetnz.org/topics/solar-lentigo-images,https://dermnetnz.org/assets/Uploads/solar-lentigo-11-s__FocusFillWzE1MCwxMTAsInkiLDBd.jpg
Spa pool folliculitis images,https://dermnetnz.org/topics/spa-pool-folliculitis-images,https://dermnetnz.org/assets/Uploads/3796__FocusFillWzE1MCwxMTAsInkiLDFd.jpg
Spider naevus images,https://dermnetnz.org/topics/spider-telangiectasis-images,https://dermnetnz.org/assets/Uploads/spider-ang5-s2__FocusFillWzE1MCwxMTAsInkiLDFd.jpg
Spider telangiectasis images,https://dermnetnz.org/topics/spider-telangiectasis-images,https://dermnetnz.org/assets/Uploads/spider-ang5-s__FocusFillWzE1MCwxMTAsInkiLDFd.jpg
Squamous cell carcinoma of limbs images,https://dermnetnz.org/topics/squamous-cell-carcinoma-of-limbs-images,https://dermnetnz.org/assets/Uploads/3958__FocusFillWzE1MCwxMTAsInkiLDFd.jpg
Squamous cell carcinoma of the ear images,https://dermnetnz.org/topics/squamous-cell-carcinoma-of-the-ear-images,https://dermnetnz.org/assets/Uploads/3936__FocusFillWzE1MCwxMTAsInkiLDFd.jpg
Squamous cell carcinoma of the lip images,https://dermnetnz.org/topics/squamous-cell-carcinoma-of-the-lip-images,https://dermnetnz.org/assets/Uploads/3930__FocusFillWzE1MCwxMTAsInkiLDIwXQ.jpg
Squamous cell carcinoma on the face images,https://dermnetnz.org/topics/squamous-cell-carcinoma-on-the-face-images,https://dermnetnz.org/assets/Uploads/3938__FocusFillWzE1MCwxMTAsInkiLDIwXQ.jpg
Staphylococcal scalded skin images,https://dermnetnz.org/topics/staphylococcal-scalded-skin-syndrome-images,https://dermnetnz.org/assets/Uploads/ssss-029__FocusFillWzE1MCwxMTAsInkiLDZd.JPG
Steroid acne images,https://dermnetnz.org/topics/steroid-acne-images,https://dermnetnz.org/assets/Uploads/steroid-acne-s__FocusFillWzE1MCwxMTAsInkiLDFd.jpg
Subungual haemorrhage,https://dermnetnz.org/,https://dermnetnz.org/assets/Uploads/subungual-haematoma-5-v2__FocusFillWzE1MCwxMTAsInkiLDEyXQ.JPG
Superficial spreading melanoma images,https://dermnetnz.org/topics/superficial-spreading-melanoma-images,https://dermnetnz.org/assets/Uploads/ssm42__FocusFillWzE1MCwxMTAsInkiLDFd.jpg
Supernumerary nipple images,https://dermnetnz.org/topics/supernumerary-nipple-images,https://dermnetnz.org/assets/Uploads/supernumerary-nipple-03-s__FocusFillWzE1MCwxMTAsInkiLDFd.jpg
Syphilis images,https://dermnetnz.org/topics/syphilis-images,https://dermnetnz.org/assets/Uploads/syphilis-8__FocusFillWzE1MCwxMTAsInkiLDFd.JPG
Systemic lupus erythematosus images,https://dermnetnz.org/topics/systemic-lupus-erythematosus-images,https://dermnetnz.org/assets/Uploads/sle-07-s__FocusFillWzE1MCwxMTAsInkiLDFd.jpg
Tinea corporis images,https://dermnetnz.org/topics/tinea-corporis-images,https://dermnetnz.org/assets/Uploads/tincorp9-s__FocusFillWzE1MCwxMTAsInkiLDFd.jpg
Tinea pedis images,https://dermnetnz.org/topics/tinea-pedis-images,https://dermnetnz.org/assets/Uploads/tinped13-s__FocusFillWzE1MCwxMTAsInkiLDFd.jpg
Transient acantholytic dermatosis,https://dermnetnz.org/topics/transient-acantholytic-dermatosis-images,https://dermnetnz.org/assets/Uploads/scaly/grover4__FocusFillWzE1MCwxMTAsInkiLDFd.jpg
Treatment images,https://dermnetnz.org/image-catalogue/treatment-images,https://dermnetnz.org/assets/Uploads/adalimumab11-s__FocusFillWzE1MCwxMTAsInkiLDFd.jpg
Trichotillomania images,https://dermnetnz.org/topics/trichotillomania-images,https://dermnetnz.org/assets/Uploads/trichotillomania-6__FocusFillWzE1MCwxMTAsInkiLDFd.jpg
Tuberous sclerosis images,https://dermnetnz.org/topics/tuberous-sclerosis-images,https://dermnetnz.org/assets/Uploads/tuberous-sclerosis05-s__FocusFillWzE1MCwxMTAsInkiLDFd.jpg
Ungual squamous cell carcinoma in situ images,https://dermnetnz.org/topics/ungual-squamous-cell-carcinoma-in-situ-images,https://dermnetnz.org/assets/Uploads/ungual-scc2-s__FocusFillWzE1MCwxMTAsInkiLDFd.jpg
Urticaria images,https://dermnetnz.org/topics/urticaria-images,https://dermnetnz.org/assets/Uploads/urticaria7-s__FocusFillWzE1MCwxMTAsInkiLDFd.jpg
Urticarial vasculitis images,https://dermnetnz.org/topics/urticarial-vasculitis-images,https://dermnetnz.org/assets/Uploads/3802-big2__FocusFillWzE1MCwxMTAsInkiLDFd.jpg
Varicella images,https://dermnetnz.org/topics/varicella-images,https://dermnetnz.org/assets/Uploads/hzv-close-s__FocusFillWzE1MCwxMTAsInkiLDFd.jpg
Vascular malformation images,https://dermnetnz.org/topics/vascular-malformation,https://dermnetnz.org/assets/Uploads/vascular-malformation13-s__FocusFillWzE1MCwxMTAsInkiLDBd.jpg
Vasculitis images,https://dermnetnz.org/topics/vasculitis-images,https://dermnetnz.org/assets/Uploads/2577__FocusFillWzE1MCwxMTAsInkiLDFd.jpg
Venous lake images,https://dermnetnz.org/topics/venous-lake-images,https://dermnetnz.org/assets/Uploads/ven-lake6-s__FocusFillWzE1MCwxMTAsInkiLDFd.jpg
Viral skin infections images,https://dermnetnz.org/image-catalogue/viral-skin-infections,https://dermnetnz.org/assets/Uploads/viral-wart-07-s__FocusFillWzE1MCwxMTAsInkiLDBd.jpg
Viral warts images,https://dermnetnz.org/topics/viral-warts-images,https://dermnetnz.org/assets/Uploads/viral-wart-23-s__FocusFillWzE1MCwxMTAsInkiLDFd.jpg
Vitiligo images,https://dermnetnz.org/topics/vitiligo-images,https://dermnetnz.org/assets/Uploads/vitiligo4-s__FocusFillWzE1MCwxMTAsInkiLDFd.jpg
Vulval cancer images,https://dermnetnz.org/images/vulval-cancer-images,https://dermnetnz.org/assets/Uploads/ca-v1-s4__FocusFillWzE1MCwxMTAsIngiLDU2XQ.JPG
Vulval erosive lichen planus images,https://dermnetnz.org/images/vulval-erosive-lichen-planus-images,https://dermnetnz.org/assets/Uploads/2388-small2__FocusFillWzE1MCwxMTAsIngiLDM4XQ.jpg
Vulval intraepithelial neoplasia images,https://dermnetnz.org/topics/vulval-intraepithelial-neoplasia-images,https://dermnetnz.org/assets/Uploads/vin3-s__FocusFillWzE1MCwxMTAsInkiLDM0XQ.jpg
Vulval lichen planus images,https://dermnetnz.org/images/genital-lichen-planus-images,https://dermnetnz.org/assets/Uploads/2381-s3__FocusFillWzE1MCwxMTAsInkiLDEwXQ.jpg
Vulval lichen sclerosus images,https://dermnetnz.org/topics/vulval-lichen-sclerosus-images,https://dermnetnz.org/assets/Uploads/074__FocusFillWzE1MCwxMTAsIngiLDI2XQ.jpg
Vulval ulcer images,https://dermnetnz.org/topics/vulval-ulcer-images,https://dermnetnz.org/assets/Uploads/vulval-ulcer2-small2__FocusFillWzE1MCwxMTAsInkiLDFd.jpg
Vulvovaginal candidiasis images,https://dermnetnz.org/topics/vulvovaginal-candidiasis-images,https://dermnetnz.org/assets/Uploads/candida2-s__FocusFillWzE1MCwxMTAsInkiLDE2XQ.jpg
Xanthelasma images,https://dermnetnz.org/topics/xanthelasma-images,https://dermnetnz.org/assets/Uploads/xanthelasma29-s__FocusFillWzE1MCwxMTAsInkiLDFd.jpg
Xeroderma pigmentosum images,https://dermnetnz.org/topics/xeroderma-pigmentosum-images,https://dermnetnz.org/assets/Uploads/xeroderma-pigmentosum-18__FocusFillWzE1MCwxMTAsInkiLDFd.jpg
